I_rms_A,I_max_A,Amp_50Hz,Amp_100Hz,Amp_150Hz,Amp_200Hz,Amp_250Hz
0.366566,1.566129,0.143257,0.118754,0.130215,0.104059,0.111854
0.358917,1.562903,0.138326,0.111818,0.125201,0.099531,0.107328
0.352929,1.478226,0.137891,0.111353,0.125238,0.099723,0.107913
0.373434,1.491129,0.144836,0.111943,0.130283,0.101039,0.110943
0.402821,1.770161,0.156239,0.117462,0.138744,0.106072,0.118133
0.362,1.535484,0.138266,0.102344,0.124426,0.093896,0.107562
0.372505,1.559677,0.144741,0.101666,0.129198,0.093995,0.111164
0.372419,1.555645,0.145023,0.097888,0.129765,0.091273,0.11156
0.373078,1.574194,0.144128,0.09258,0.130215,0.08799,0.11197
0.392589,1.739516,0.149424,0.089138,0.134456,0.085475,0.115107
0.386435,1.629839,0.149445,0.082278,0.133353,0.07881,0.114256
0.371016,1.612903,0.142637,0.071274,0.127945,0.070974,0.110128
0.424819,1.907258,0.160791,0.076832,0.145109,0.075632,0.123614
0.416644,1.826613,0.159101,0.064601,0.14317,0.065992,0.120601
0.35779,1.508871,0.136681,0.044061,0.122003,0.047384,0.106301
0.42133,1.745968,0.16355,0.04878,0.146842,0.053231,0.124676
0.374655,1.620968,0.143031,0.026114,0.12757,0.033499,0.108476
0.377612,1.630645,0.141419,0.018851,0.126777,0.026981,0.109829
0.35374,1.483065,0.133892,0.007474,0.119578,0.01356,0.103146
0.358715,1.502419,0.13661,0.007622,0.123109,0.012029,0.105577
0.106513,0.237923,0.073615,0.033412,0.034632,0.014346,0.008635
0.106016,0.221832,0.073061,0.031763,0.033036,0.012542,0.008945
0.105105,0.221832,0.072675,0.031263,0.032095,0.012638,0.008729
0.105349,0.213744,0.072155,0.030319,0.032674,0.012709,0.008877
0.104315,0.229822,0.073653,0.046933,0.035702,0.018863,0.01038
0.104244,0.221812,0.073409,0.046226,0.035621,0.018666,0.008792
0.103531,0.213724,0.072518,0.044736,0.034552,0.017389,0.008209
0.104636,0.213725,0.073119,0.044587,0.034107,0.017468,0.009437
0.104336,0.221815,0.072905,0.043555,0.035131,0.018888,0.010364
0.103404,0.213713,0.071899,0.042428,0.033605,0.016573,0.008845
0.103769,0.213711,0.07176,0.041786,0.034302,0.016896,0.008985
0.10449,0.213711,0.072062,0.040672,0.033397,0.017462,0.009893
0.104651,0.213712,0.072702,0.046174,0.033251,0.017443,0.008987
0.101125,0.237914,0.067212,0.016076,0.028757,0.008563,0.009624
0.104057,0.237914,0.068635,0.015463,0.029861,0.008051,0.00857
0.101182,0.229814,0.068022,0.016149,0.029118,0.008755,0.008971
0.098133,0.221815,0.066012,0.016236,0.028588,0.008858,0.008029
0.106513,0.237923,0.073615,0.033412,0.034632,0.014346,0.008635
0.104336,0.221815,0.072905,0.043555,0.035131,0.018888,0.010364
0.105105,0.221832,0.072675,0.031263,0.032095,0.012638,0.008729
0.233904,0.394355,0.110189,0.047348,0.001974,0.002119,0.002693
0.234126,0.391936,0.110079,0.047334,0.002591,0.002039,0.002869
0.233489,0.392742,0.109587,0.047138,0.002549,0.002367,0.002983
0.233806,0.392742,0.109706,0.047187,0.002294,0.002274,0.002756
0.234039,0.393549,0.109956,0.047649,0.002352,0.00258,0.003095
0.234102,0.394355,0.110245,0.047771,0.003041,0.00285,0.003364
0.234039,0.395162,0.110125,0.047911,0.002795,0.002709,0.003249
0.233523,0.392742,0.10978,0.047989,0.002438,0.002356,0.003251
0.233624,0.391129,0.10958,0.047792,0.002303,0.002626,0.003551
0.233577,0.396774,0.109839,0.047761,0.00237,0.002195,0.002942
0.233318,0.393549,0.109771,0.048185,0.002683,0.002577,0.003456
0.233485,0.392742,0.110168,0.048736,0.00259,0.002384,0.002967
0.233097,0.391129,0.109545,0.048028,0.00247,0.002145,0.003014
0.233711,0.394355,0.110263,0.048664,0.002803,0.002039,0.002653
0.233451,0.391936,0.109789,0.048303,0.002568,0.002144,0.002922
0.23334,0.391936,0.110474,0.048955,0.002623,0.00195,0.002943
0.233188,0.392742,0.110463,0.048583,0.002745,0.001884,0.00331
0.233037,0.392742,0.110369,0.048556,0.002937,0.002164,0.003218
0.233032,0.391936,0.110372,0.048928,0.003157,0.001677,0.003121
0.233546,0.391129,0.110235,0.048315,0.002875,0.001845,0.003329
0.109697,0.129032,0.001162,0.001033,0.000974,0.000913,0.001193
0.109354,0.124193,0.000846,0.000644,0.000971,0.001086,0.001121
0.109747,0.128226,0.000684,0.001085,0.001513,0.001255,0.000946
0.110403,0.123387,0.000941,0.000924,0.000752,0.000989,0.001011
0.109644,0.123387,0.000707,0.000779,0.000838,0.000888,0.000946
0.109293,0.125,0.000918,0.000758,0.00082,0.00081,0.001104
0.109694,0.124193,0.000816,0.001138,0.000807,0.000822,0.001016
0.110077,0.129032,0.0009,0.000897,0.000936,0.00101,0.001029
0.110083,0.125806,0.000911,0.000798,0.000896,0.000916,0.000856
0.109428,0.123387,0.000872,0.000838,0.000778,0.000788,0.000814
0.109866,0.124193,0.000962,0.00095,0.000765,0.001071,0.00108
0.109244,0.129839,0.000775,0.000655,0.00095,0.001048,0.000785
0.109779,0.128226,0.0011,0.001056,0.00083,0.00101,0.001103
0.109784,0.125,0.001013,0.000924,0.000989,0.001237,0.001176
0.109765,0.124193,0.000842,0.001155,0.001206,0.001217,0.001134
0.109823,0.125,0.000836,0.000675,0.000762,0.000701,0.000975
0.109681,0.123387,0.001097,0.000917,0.000812,0.00087,0.001167
0.109538,0.125,0.000836,0.00082,0.00089,0.001364,0.001376
0.109699,0.128226,0.000945,0.00108,0.001013,0.001188,0.001081
0.109542,0.127419,0.000978,0.000927,0.00103,0.001143,0.001032
